filename,index,dataset_index,file_hash,label_hash
000005.jpg,0,5,fbb7fad63f242bf15fef88a2532b362241586cba4bf9dd0f26c09b94e42c5659,f2355682d6cb1f1f4d8a394da269347a9567665f76a5697cbaf2c4369a555cf2
000007.jpg,1,7,8e9d05602f7b2afbe231abae72128851430e8f03bc9972995cc93410212ca5ed,bd3f61d67fbb9108e476c84c060933fa8b06de5b067f2b701ebc398651661eaf
000009.jpg,2,9,b4eee403fa9ca85d28bce8fc9f1dcc53c77dc48d5191e90158ca4b1fd173511b,1ef790f1d741ec4900de21b47c6eaa088b88b23be5b357789c622020a2b8fc6a
000012.jpg,3,12,91eef7ed32f8a26ac92b56aeb198a8b7058c47eb38e07d11213b4d123ba93999,a4a1bc28c1c3225c34bd3db67d3bf1d743f10a5d901140dbc328f9db00f4ecc0
000016.jpg,4,16,d0f69edd0bc81fb752de41dafc6b68b2d1d13a768a257934fa934a447ed563d8,72748f66be48623706453ffa67327ea9d48dcc34298d90b9d04e4837c21ad785
000017.jpg,5,17,8ba3a3be822dff2395c45381af2f6e8b15c6d26208c4dbfe0159a43f89fb73b2,0a5ea2f92b464fa3418228aa3c6b4e5b83873ea755b345a9b0001d9da41c1b6f
000019.jpg,6,19,6a85c6cc0db576882ece09cc5b79518f2535161e1b0f405a329b00ad5cf302d3,46f5ec377a1e52532219bf6d32bd685c9562967b0fbae7cebd70c2f0c04aaf0e
000020.jpg,7,20,4699c9420684686688649d1787ad31d81c2bfea3788c8a45accc8273bc773e7c,f140d09c3fddf115a2a38f0483d6e7e64b253d2ed497c00b1b2126cdeae025c3
000021.jpg,8,21,e1807fb6f0098e3fe99183fce2719c354291278c12251129bb2d60135c0b8ff3,a83d6880d501641facca0cb8dba8229301ffa7f5d51394f999bdc31ef2277c2e
000023.jpg,9,23,92f9f3d0af49c7e7eda7ccf756298682cf1c3921cc543fdbfc555b1d7678eb92,bd70f4f8ac84ad6bfd4c84c8c158d47826fc8d21818ce33de58ef7e7d0a61833
000024.jpg,10,24,899745fe5efc64df00a47a3c0acc7689cf1eb036215f1b45dd77141d03329d27,92b23666c8ed7310b0e247368ef159f18b8bcaca2157bf49044f8ca59f541ee2
000026.jpg,11,26,27934aa93ea87a6fc59fdd68e92e5618008f436ae227c9a3b29815fe5c7335a0,0149ec61bba5d61579bf9d21c9764db63b9d3a4cc0f121541d02daf857b8fd53
000030.jpg,12,30,1da5178c54199b9c94ec7081b3230d2f771e5267fdc357e50d2a4967cc366585,cce90aa6796d4da0ddc8a932d12c156fbc5148849baf063e4471596e8220c777
000032.jpg,13,32,649c9780871519d61cd5be930fed97b443180a19ab63fce5b1e99d5479564dcd,be482a4ce9139334f60e764a210867fbf77e4ae9e88056487fe30b43a513ee2d
000033.jpg,14,33,23b51ccd1a19c6f1f75573b1903e19015bf98c159b03d497efa8e912f8ffbe8e,99ecd27856e67f65cbe117be7c55f5ddab22fa05f37bca5a75d12a3990aca470
000034.jpg,15,34,186915e0566805579e820144200092782ba8fbe36325c8cc28d458b63a2164b7,823e6e462f02bed6355006b8bf39887d726c8a4c0361d3be8bb7d0b5d726a32b
000035.jpg,16,35,f455d7ebbbe5da198a66d6f31eff2e9d22b7615e9e7d8a58c01a1c945f0390c1,2afd08695ec8b1cdc9aa034c94b23c5f6194c06b715e84b5ea384f0e3513c30b
000036.jpg,17,36,20c0ca611b1fb796b6a915200b0a7e2ebf11b2e28f53349d5a42237d72e4e53c,4a54f03f8a564b10cc4389ce6871a44e780ffb9a535fafc742fa452054b7eccf
000039.jpg,18,39,1b1aa8056acd8b5edcbce7c1805ec18519f052d36b6a170334ff05d89efe1f86,6382b2950851f5beec042f5eb03fcbfbcfc081aee47e8457b3f7894704f19356
000041.jpg,19,41,ea807fc66e3922e67727804175c0e092532cb9532884009b3a9b0017d32d6004,5aafd7ce97e4a7e3b1fd96ae67a95bb5bc7256415e0117ab75f44c91c7d36fbb
000042.jpg,20,42,ec16defce574c2f5c1113e09ea791cc339e777b47d76a4478f4b9412af8f59ec,01a387dabedf987911f3f6da2314d8dc70137ddfd764c1e2737c67f30569081c
000044.jpg,21,44,1694ecca7ffeebb1d097af516183874e90635d779099413559f330dbdf39faa4,6b844e6a7a11b4e5748c2f9c1793e56ce7fdda50785990cf5e4e3ba91d19f1ca
000046.jpg,22,46,1f5baa16711dfd6e4e50ad1b28abcc590b21f1e974fde52c4bed299db74e251e,2780aae50c59b5dc3784b05989f099fc3c9333b780d269ea4596c33349813b01
000047.jpg,23,47,2023479977b4da944fa828c78064b90e61d3e6b3f92ce913b822c6a049d6ffcc,57ed529b56ed1c5dfd86d21ca43766f7bd623e4913f006a5e439c4fa47ee30dc
000048.jpg,24,48,2d78180ce407f52378e8078bcfe5beae61456e52ce640f7b67831f166d578263,eb4f599c33b6d069080ae1840139f2117cd87358765e1e70ad85bb07116367af
000050.jpg,25,50,eedd7ab4fab47acf6c5efb5f57def56b6a460fbb38fc4c7f2d8452585197c2ed,3483ba75f154ba7058ff52d419804550ac1c097d2b1a70e13951d051b803bd0f
000051.jpg,26,51,752b04bb9db7a33df5a3da116218fd34c404fa6ed6ed77767020fcadcceb4e90,11cc0690c03a6a5834fe55fcb7b7ebc525818ab1fe7d6d868b6e57d7d726e06f
000052.jpg,27,52,8f519b8bbaebf861b5d4bcad8b7f65fb09531c18ffa5423e57695d902232e20c,4db0bff0ca35629568e37700ce8eb80c82dc44e477e80d78cf165748ebc5bb24
000060.jpg,28,60,481ea929eaa1a2354c5c83bf6951da0de6d43bd5dc08407e25a34879727aacf0,90056f33552acebaef52b312b6e8d83601005cdf2e141a03b169a97ae09535f3
000061.jpg,29,61,c366bf1a3b0b4ad74898f1eeb58891fc94ac773b9cb1f994f579b590d7b18c61,bfb0f3465e6c8706d11bab9e5f877e20fb40bb3f1b6a92387986b494cf052d6a
000063.jpg,30,63,6ee5be668f116fdd6fb3d5693037bf24ed19051e0923064d76a5d505d9b1dc90,d0cb2a3d59bae97a1f40b2ffa4fb8665be5ea7a24f9e6a8bd85cf42a12b0258b
000064.jpg,31,64,74bb6cac50d208b33435732ada9813c15dac449dfd441b243876d4818d0bb400,5a775dba2a23f6fec0bf6ef60dd627a7fbbc852085e74b8bcf47f95834f9a121
000065.jpg,32,65,5e8b3019a29cc72b46c0b06d57ec74562ed706867d06ed4b02a8998571f3d775,8f4f7423078039a94dcd9c9e6011434263897835f7769901059567b842379308
000066.jpg,33,66,bf84c8b5d6178518ce0e0e9c6fa914e22d8fd542c9e25bf71babb9c995301507,bcc1eb1b53eff4df40c0ddaacd658b1a23c2fabfe9eef36394174db71aaa6315
000072.jpg,34,72,9c5d69db7c05571fa0622e760e25617bf2974282bd60c68e91e38a29ad9438d1,d47a485bb22a6c0613aad41fb894dbe8e1b487866d7b1eb9adaa890a27faa73c
000073.jpg,35,73,e708209081284066fcc3cabcc235c8d96fdb1888dabb26289390b2c73d9bce76,9ab42fa71a4ebebc4e4e4e69fa58aadc46967967a33f3fda7ad48b7152db3bc7
000077.jpg,36,77,b82c49d85f0a9bbf060ff97a8ad4a50395b21e81293f4e8224abf89e5ed248ec,e962178714c1997cc65da31fe52e11a65db0ff28b6ee9aea3bc630de1930dada
000078.jpg,37,78,fd0aeed1e3e12a765ef5cdcd0a9664ab7ac63afdac8ebaefb8cf0ad222f46ffe,b8a8741b8809f6239ac07aa3aec68f0dd98dbb9dadb253ccc31316f2172d7ce8
000081.jpg,38,81,cfbffe6e8c4041dc854c441b637b987fbdf8b62aa2455a4a3116465a925dd550,dced0890497e73a85cc4d5dd250b03d1c491a315ec821bd328dda14e8a23e0ee
000083.jpg,39,83,60e7b4b90ec1f29827bff0cc5d0fa92552f6ff1d087b63fa4c3bd3a8ffd348f3,9a63c4c88a4f57f33f79a82131b36e7c101bf5b9b132dbe8ff56f03a88c7dbbd
000089.jpg,40,89,6eddb43509a31dc3d66f61b83412abb5640fd25032f88b8b7947417746ba4d0a,5bcdf8508e385eb0d3f475f3e1fd909ec841158f6112d458ae0d833a8f78dc45
000091.jpg,41,91,fcb98b032e8113807fba9922b69573c6238ed0a698f2beaf7a9e50d3540fbb84,de9376962f33d09ab29172b13c4c2db698fc4de0c0dbc171d0ed2fb2cdf0d7e6
000093.jpg,42,93,1edc0fdc5cadf4d786637c781bfd038cb392ab53308bdd20607a8672fccbd6f8,1f307ee9f5aa53f13193fcda9ba991b17e7be01e9c9129529fbf69ac5c22dfe4
000095.jpg,43,95,3b2aeb7608209cc68f706288e501966890b27d73aa069cc00b993290a40959c3,2fc9cea59e7dda2ba5f220e044991cf26ac5cfd11f456e4930248610553d398f
000099.jpg,44,99,20f08ba9589883274e7c0fc251c9ef50b6c89ea00432f01e1fb8d99fee4754f8,19cd13a63298cd806fd9ac603c9aa99c8b501fa3e24ca1f4c6501ad489491c50
000101.jpg,45,101,5e9a4e9e725e97af69fe1cc399317d8a5ee6c3a07fedd9706c88dde864a2c75e,0224de85be6931b1beca992af1d8a5878013ad0ad365fc69329ecc095b40d2a2
000102.jpg,46,102,4bf8c188df68a382df8e12a8251d775fbdc7c611758d774705d5ba4dcdcd09ff,ebec226486c9258fb64714eb4157944c300fa85613c9752c63d9c25ba0a14d7c
000104.jpg,47,104,61f5cee8bf6a352edb135d0580a7eb6b9b543a4e835dbbf08651271ef8c3d2bd,26ee06f3c621992c4d8749f381726b8def314e19ad15ce9edf82464ea9e93fd0
000107.jpg,48,107,4ddb9dfb656c9defc74ad1fbb74329d42b0d9e65fb37309069964ac8ea622141,b59fe8b8d986d24ce6cedecb7ec10869438d039d1ccd4945a19a015bf1d0b998
000109.jpg,49,109,b1a70ccb3c25eb19c2c67ad037ea5d31c6ea90217f168e8603be183f52a0eb06,fca6adc34358104a95afd94d4785dbd075d51acf547076b765d8837be2672290
000110.jpg,50,110,be49f0e2f1f1f2b00e118112e6c08daef5f83f63b6a88461319e4101012281e3,b5ade7ae123bc4f62ca99423036b4cf3dbda894451d048c29322e6c4b5684f32
000112.jpg,51,112,c949f688c0eff9e46f552b9964d72931e1c0a1692d3e410c6c50d14d685fbb5a,9fad6321e843304e0efc0a10fc919e6b5b3af2a2dd31aab2d401f459b51984c1
000113.jpg,52,113,fb299e707848607e4ee055ef96718670d79b512d4328b2eaa2b3bceae0a7b4cc,9986ff2c5ae3edc6bea2482702aef942fd4e1be86c1dac502390212a281116ad
000117.jpg,53,117,b1acecead275913c5ceca6d1ca91d547ef23a97939061cc03a5e39be026740d1,b2c15970232c3be69f90bfb355a805a4bdd1428192b4260be3ac691478eb447d
000118.jpg,54,118,8afe7925038b0d44a2336854866547484377239efcec5067953279164fe2b8f7,3dfa8544770b7b8c7849a0c0bb2832ce52f9c515fa6820df682479af4c8e00d4
000120.jpg,55,120,9b911f0aa678672e2cf48b88bb48637a71ddea06f8ada7052a590db3a66c440e,9ba080de317c80e62e4619bcffadc6366665bcdd5908f09e0a5371ab43a51c98
000121.jpg,56,121,4a79bcec8fbe0ba54a8cff47d95fc14904554bc0c09a59ac77ac15113d952a9a,f15037c353d78a44feee60c3ab255c9c835fdc801a7d3aa0f2f41809413fe2da
000122.jpg,57,122,1f9aba563e95e781f01e59595dbc33e6eb967cc6a60aade993a2af48d20f02ed,25d3a086a07fb22fdd681ef117675932d1e770c4174424a0640ebdba2ef376ca
000123.jpg,58,123,30ac95084273ec4949aaab2673764e153014bfc32d79eed962b3effb643fdf49,fe8a3ef21bf895d462be3e77b388fa890aef118fe969bd040ec30caa9bdbe19e
000125.jpg,59,125,96a8bec1d3357648798fb4849233a17677b22adf8db3a4534dbcf91f19d153e5,9ef7b345ff48a63d7f95eefcb2dd31b52042e8d83e17994911e0caa69839f07f
000129.jpg,60,129,657b36fed1ea84a44fde2ad641d52726947e9ff23652836273730f7b1ee0d7d8,0f014e82faf158051c6dacb2277a49403dbd0a127a209302096e94eed6145ff6
000130.jpg,61,130,94b5fdfd8c158bd886785f541cadf0cd5da16dff000017dd325c7a2e9b4b9f7e,5886839cf0d72c92a8e665eb95b58b57d2c4c3c08a488443b7e3b40ff5626557
000131.jpg,62,131,a5ebe1dadab2534b3e19b0bf2aa8a1e556b10aafcbf554b31925379d662cb501,a0cb49106481ec447eb6c2abe37189945ef931cc42c311e8ab6dc91c7095dc35
000132.jpg,63,132,76b7f64e5a7688a8b6963297fb0dc6960fdda74bf847c6b0c1f9ef972257965d,e8aaf7382fa2b201e4b587462420f4bea7f4b863e848ca5aebdf21fb20c7ecaf
000133.jpg,64,133,b3f06bb3dc32a403462a2ec9a6d229ee6c9527378b1ea1ceced856aca7fb64d1,e4e7460db6c9cbdf038fe7ae2771e631e98db9952ee6f4c5357dc0c6c6eef597
000134.jpg,65,134,537765a4146223306745f0e5e7c348c036ada82cc7513315c28f8d51c33a9b77,b9b580679e7908f9e44699654c795732913ed24f99764b25b8f80db785bc03ab
000138.jpg,66,138,5fed1a1c77633d0a8db54904b885f5ef5d3ee25ec536788e3b787098f3ad17f3,bf801faa4322e6c670469ebb24ccb4c1b199fbe6627b006b9ab8946d8fa68eb3
000140.jpg,67,140,3c575136c29ff5274f0e86b1e798ff6e6db56a988e6dba830dfe9667c2ac6bd1,ea68df05f4b50d74a1c5049e7925cf33061062d414b837975cf50e8e0e8aa7a4
000141.jpg,68,141,55b6430894e113b32df964ce94dc64e49e5cb06d8e0536c7114faeaaf4b444fc,d211b64037dbeff7100a919b87cb93c09a36a8bda79580b76710bd1fb07c33a7
